,loss,mean_squared_error,val_loss,val_mean_squared_error
0,10.716085125071622,10.716085130167144,2.936556728510304,2.9365567013799505
1,1.2549683082712886,1.2549683060104064,0.89614143789718,0.8961414337454942
2,0.8401895206614,0.8401895215657529,0.8240375992811674,0.8240375883468931
3,0.7787655060178997,0.7787655039077428,0.804393889141299,0.804393902460077
4,0.7433725321651365,0.7433725305071561,0.788913340858816,0.7889133448462362
5,5.683118295338372,5.683118272852012,86.49813308169821,86.4981324634653
6,17.30166467641777,17.30166476060524,2.904776363482596,2.904776359084511
7,0.9839570615165701,0.9839570611470425,0.8222192654149948,0.8222192680458972
8,50.79220697640853,50.79220709487876,366.21671384390964,366.216712760052
